State, License
SD, FU-675
LA, EZP-930
GA, HNY-382
MO, IOE-466
WV, IWH-7338
KY, VN-101
FL, PGW-3499
CT, SZ-347
AR, ST-9938
CA, MUU-0217
MT, CI-859
ME, GO-0219
TX, EFY-237
MN, IFP-8908
NY, XVL-404
UT, JL-571
VA, UP-2194
MN, UD-3884
LA, UQ-2208
AL, KGE-0554
NY, VX-9733
SC, UJ-8617
TN, OP-7230
TN, AR-487
NY, SAT-4364
GA, ICA-2252
IL, HL-004
NH, YY-213
IL, WN-022
ND, KH-5933
SC, IC-455
CA, YJL-8882
OH, KF-958
AZ, JCJ-3929
ND, QAY-730
MT, UR-9108
CA, TU-872
CA, JF-343
WA, MRU-006
VA, CY-0618
NY, SD-0503
IN, HQZ-020
IA, FO-314
WV, CW-622
SD, IF-8787
GA, OJR-057
WV, VR-6216
AR, SH-510
TN, YHA-9665
IL, QZ-777
TX, HHO-7178
ID, CTY-844
WY, SH-696
PA, IB-185
TX, UWU-767
IL, PP-967
NJ, AU-2576
TX, JS-244
IL, ETA-822
CA, GDC-849
IN, HXT-849
TX, YM-4286
NY, PMG-071
WA, RCB-3606
PA, ED-333
NJ, IML-468
KY, QXD-6217
NY, QE-2281
IL, SY-4962
PR, PM-5353
MI, XW-2043
GA, ZV-517
CO, PYU-160
MI, BNV-9467
PA, QJ-8624
TX, KWT-701
KS, AU-5754
CA, AYP-1027
TX, DQY-794
MI, SEK-813
AK, JNN-2763
IN, CI-815
WI, RMO-608
TX, CZJ-5882
OH, BOY-983
MO, EMR-5926
IA, PCQ-035
GA, GV-974
SC, LL-6179
NY, KJ-0831
NJ, FB-2700
AL, SZ-960
DE, IH-800
VA, RFB-638
WV, FIW-440
GA, LJQ-876
IA, LCJ-467
PA, QJ-465
VA, LVF-3612
KY, IBK-9037
WA, LQI-9976
AZ, IYN-2820
MI, KZN-850
MS, LL-2642
PR, UHM-977
FL, EU-439
VA, MSG-569
IL, ZDN-5569
NE, GP-7278
LA, AK-5395
WI, NT-5747
NJ, ZAJ-9196
AL, FWX-5561
MN, KJ-9869
NC, UP-4750
WA, NM-682
IL, NFU-5668
WI, JEV-1573
MO, QDJ-5912
ND, VFM-2901
WV, KQ-2951
IN, GTI-810
IN, SG-0544
WI, KUV-794
WV, WOT-280
WA, TJ-951
CA, BEC-5202
TX, BPE-382
AL, XDN-677
IA, ZPS-2459
NJ, WG-8507
NY, JLG-3716
FL, QFO-307
MI, YGT-331
TX, SHU-742
VT, WO-9356
WA, GD-089
AK, BY-8348
WI, RW-777
TX, XHD-475
PA, MIO-9858
VA, LW-1173
TX, IQ-162
IL, VE-296
AR, RO-061
NM, DWJ-5893
IL, ROH-4826
OH, NP-394
VA, DM-2391
WA, NLA-801
AL, YHF-5263
MN, TOC-4613
KS, ZNM-775
TX, DAO-458
TX, NM-738
TX, OQW-1138
MN, ONS-265
CA, LAI-6127
PA, RKN-4075
NY, KKY-619
ID, RSL-3641
NC, WP-4320
TX, UZN-9551
KY, FVR-844
IA, XZ-804
KS, UWV-3675
MO, AR-8550
NY, JF-252
CA, FL-716
OK, PF-1771
OH, OOU-0519
MA, CB-6923
MI, UM-968
KY, NGY-2707
MD, VJG-3364
DC, TZH-6897
NE, LZ-9102
MA, JC-1125
KY, NGX-781
LA, FQ-130
TN, AY-6131
CO, ZU-875
SC, IFI-5432
IL, DWC-648
PA, NSV-700
MI, OK-641
WV, TOL-5630
CT, CZS-3670
VA, FF-488
TX, BO-624
CT, MS-573
MO, GZ-462
WI, SSV-9120
CA, XR-488
TN, PVO-549
SD, NDY-9017
NC, FN-4829
SD, BVD-968
MO, NI-468
AK, QC-9075
CA, QY-7479
NJ, OJ-084
NE, GS-492
NC, UZ-933
TX, DMM-431
NY, KV-454
VT, LH-3685
MA, HN-761
IL, TEY-474
LA, YKB-395
NH, CTR-605
OH, QA-1614
MO, VO-529
NY, NI-4116
AL, HM-628
VA, PTE-7915
WI, ZL-127
IN, BD-573
MT, FFI-571
VT, KRK-7894
WI, QA-028
TN, FD-3599
AL, BJC-5356
TX, WA-836
AL, VA-2006
PA, AH-083
VA, FC-571
AR, POZ-2973
NE, NC-132
SC, QS-679
IA, EP-248
KY, XO-9652
OH, NPE-0891
MN, GG-230
VA, DQ-221
GA, HG-343
TX, GA-582
GA, TIP-8562
NC, BB-2907
MI, RZ-733
TX, ODY-292
GA, RFY-1189
OK, VN-6665
NC, RV-289
IN, QZ-0694
PA, JLH-191
AR, YDR-290
MI, XOU-901
NY, XN-4767
SD, RMP-3555
VA, ZBG-886
NY, XH-5485
KY, JN-147
AL, MIR-073
FL, ITH-227
AL, EA-447
FL, ME-267
CA, CA-1028
WV, JV-2374
IA, WD-7522
SD, WM-0033
LA, UGJ-570
WA, RA-3081
LA, DX-404
VT, ZPO-772
VT, UX-939
IN, ZE-5611
WA, YLH-9204
NJ, JUN-0206
VT, XA-011
MN, NMK-2786
NV, AD-656
WV, UMM-9254
WV, JQK-7994
MS, TTK-316
MO, HO-690
MI, GT-2731
CO, FET-3287
CO, WL-841
CA, LCD-356
WV, ARJ-993
NC, LM-305
TX, XE-1380
NJ, QV-2824
WV, OEI-1858
TX, XQ-3759
WV, AEW-084
NH, ST-4076
MT, PAX-567
AR, AV-804
ME, AD-591
OH, QD-6934
PA, RG-4823
TX, KPZ-069
TX, RP-216
IL, HCC-897
WA, KXL-991
SD, ULI-296
OK, HW-2317
CO, MM-7455
TX, VGG-616
MI, ZR-0842
NC, YK-670
IN, BN-472
MO, FMY-444
NJ, BL-081
UT, WE-964
DC, HW-3226
GA, AE-927
MO, HAD-821
ND, NBD-7320
CO, JN-364
AL, MB-900
MI, NT-7352
NE, GB-619
NY, VCH-1490
WV, NKV-647
HI, UX-967
AR, YAD-742
IA, FU-476
PA, WS-1795
TN, LYD-543
TN, IC-479
ND, CII-189
CA, XE-269
ME, DTR-5599
CA, LL-6503
DE, AX-228
IN, TP-459
VA, NQ-251
PA, JJ-433
OK, WIS-2637
NM, KZI-8060
KY, NWX-624
MS, DAQ-7617
PA, CS-9986
AL, ACW-725
TX, JU-7814
VA, UGO-9155
AR, VZC-598
IL, HV-877
VA, ST-5243
TX, BP-998
MD, JSK-2029
MI, KCR-3587
IN, AQX-172
LA, RGS-959
MI, HHJ-478
OH, STC-031
CO, ERE-1814
LA, YX-782
TX, TH-268
NY, OST-249
AK, TVP-629
MS, FHA-1375
KY, CJS-5785
IA, REK-8941
RI, EW-0867
VA, QX-9427
PA, SI-0596
CT, CWH-5683
CA, FL-217
LA, RQQ-4261
FL, LM-858
MN, QF-4683
KY, MQB-2727
CA, XZL-9848
WI, OWC-9253
RI, HVD-6597
CO, HWC-8645
FL, GS-527
OH, DJ-1358
CA, EGP-483
MO, OAV-8938
OH, PD-769
KY, DJ-707
OK, GNF-020
FL, QHD-8112
MO, GQ-071
ME, FF-246
OK, VHK-895
MI, AHF-492
IA, EU-873
NM, HJV-830
PA, RQ-242
PR, PGZ-9466
CO, NF-506
FL, YIO-123
OK, DV-2543
MA, WE-0122
NE, WRD-0735
NH, SO-185
TX, AJ-7947
AL, XT-079
OH, HO-9114
LA, AC-042
OH, GKM-4924
MN, UOY-956
PA, RFP-6560
FL, YK-4328
VA, SNV-083
AZ, KPF-1936
KS, OFQ-7470
KY, HO-4764
IL, PN-979
VA, XI-936
TX, IV-1024
OK, YM-714
CA, ATK-8466
CA, OP-918
PA, GRN-942
OH, KRZ-105
TX, FUS-2701
GA, KF-3865
MO, QEG-041
AL, NF-114
OR, XHP-7088
FL, YNQ-661
CO, XS-778
MI, NTR-7300
KY, KN-456
NC, HRT-306
WI, FK-0432
AR, ZU-019
MI, QA-9239
OH, KVZ-933
OK, UM-451
OH, SM-311
OK, IQG-798
MN, PLF-909
MI, EF-0163
VT, SN-9604
MI, QF-814
PA, CK-3987
WV, AP-160
IL, MF-747
ND, NFF-5225
IA, SD-443
WI, THB-2687
TX, IU-5301
TX, PI-588
AR, KE-306
FL, FW-884
WV, DNY-226
CO, IX-864
IA, JY-385
IN, SK-8964
AZ, YI-8559
TX, GPA-7074
CO, NC-605
FL, XNM-482
TX, TBG-6570
DC, MFJ-0387
NY, YZU-1629
MI, II-7880
KY, NU-322
IA, XSA-660
NH, SGU-6719
WY, NP-903
NJ, WEC-5888
NC, GEH-8977
VT, QE-9895
SC, YN-976
MD, KEI-011
LA, TMG-1538
KS, MUR-7524
VA, LH-729
AZ, KEC-529
CA, MMR-445
NC, CA-5830
WA, VZI-627
NE, KAG-482
SD, ZG-8209
MI, AIO-2074
MO, WYB-9606
SD, BPT-6157
WV, AB-523
ID, JL-491
PA, YNK-5186
WI, FJV-8072
OR, MH-694
TX, BUU-4406
KY, VH-040
TX, QZG-2530
MI, ZAU-117
IL, MV-460
KY, MH-4851
MI, NGB-3734
GA, HGQ-2263
VA, KIS-095
TX, VC-995
MN, CK-9920
KY, BPN-7909
NE, XGT-7302
ND, JRL-436
CA, XFH-5017
IL, IH-2278
TX, FUT-6104
CA, BT-731
AR, ANM-876
ID, UQ-7468
CA, ZJ-5149
MI, FB-480
NY, XP-117
MA, RHX-077
ID, DWH-426
OH, RX-4490
SD, OQT-9399
PA, AZ-697
WI, LR-6478
PA, MF-159
VA, WEG-8487
MI, SJX-8196
OH, IN-5970
GA, OIX-189
WA, UP-373
NJ, VC-165
NJ, HUA-694
TN, PP-1612
WV, AHB-5116
MS, ZSH-5490
WV, LUL-301
IN, COL-786
MN, NSZ-564
CA, VEO-583
VA, NX-448
KY, UKA-306
MO, GN-722
VA, YJ-700
CT, MF-3549
VT, DW-7650
WV, BW-968
MA, FVP-1908
SD, LY-0128
MI, KZ-563
AZ, CM-013
MS, DA-838
ME, IB-3534
MD, DHH-9700
KS, WFC-353
CA, WQX-137
LA, PYJ-8910
IL, JMK-834
OH, DHI-6688
NY, FUZ-682
MI, GWV-469
CA, NAI-6946
IN, MC-6384
MN, MGM-056
TX, BZ-895
OH, RYJ-5393
CA, UU-4475
TN, OE-1599
WV, IP-842
KS, QZ-5137
MO, LI-536
OH, EWJ-1184
NJ, WZ-9802
PA, VKL-7335
IL, JNL-0217
PR, BPS-5854
TX, JUM-820
KS, IE-872
MS, EFS-7609
CO, AB-3913
NY, FAR-772
AK, FX-250
KY, PR-4255
WV, VM-1364
CT, FKS-0265
AL, VW-4331
NY, JDQ-5268
KY, MVQ-992
KS, BA-447
TX, LJP-9156
RI, YLC-6862
PA, SOL-305
PA, GYE-1999
GA, XAW-3989
WV, GH-795
NV, MFG-225
IL, ZI-875
CA, JX-4546
MA, QA-164
PA, ASR-1040
IN, EC-1881
OH, DEV-425
GA, MA-625
OH, LO-855
NC, WPP-4768
MS, NH-299
NV, GVO-588
FL, UZJ-745
KY, GS-7778
ME, HR-5865
CO, VNB-9963
NE, QLE-757
WI, PKY-405
CT, AL-1875
OH, YJ-5794
CT, EGD-283
VA, KP-5385
OH, HG-8829
MI, PPN-6714
NY, TJH-9148
NY, SH-4181
PA, NAM-3132
SD, IR-250
WV, IXQ-5622
CA, KKE-0493
NY, AJJ-100
KS, FL-1562
WV, FBK-289
CA, AON-7551
IA, NK-3121
TX, ZQ-406
KS, KE-0283
OH, DM-663
SC, JBG-898
VA, MW-9882
NC, TR-5322
NJ, ME-9085
LA, KC-916
MI, MA-990
TN, LMU-618
KS, BZ-2288
CO, YR-9981
VA, CL-461
WV, EYH-2685
KY, UTM-6472
OH, DFQ-055
MI, PPO-847
MN, BM-159
CT, SSL-4179
NC, DN-863
OH, ON-2806
WV, SX-062
ID, DR-378
VA, CSA-8749
CA, AJ-445
KS, WA-829
GA, ST-9703
CA, WO-8754
KY, JHE-4709
CA, GI-8735
IN, TX-232
FL, JWO-7095
NJ, YTF-9807
TX, SU-486
CT, LY-2116
AL, NWC-0752
MN, GYC-788
MO, EOY-182
MT, ZWJ-6648
TN, GY-1787
PA, TB-4329
ID, II-9344
TX, MR-334
KY, KJ-938
TX, FW-585
PA, NE-6377
MI, EW-186
FL, JIM-496
MN, CV-533
CA, WTD-174
GA, EFH-1481
VA, QA-379
MO, EJ-658
MO, GBW-248
MA, LT-213
FL, CI-967
IA, KOA-0504
CA, NU-621
NE, GWP-999
KS, YWX-802
CO, RK-8931
AK, SZZ-327
LA, FUZ-7471
SC, CK-485
IA, THV-0387
TN, UH-5339
ID, EYL-6819
OR, XRN-025
MS, KSS-5082
IN, PZP-6858
IN, UXQ-6800
GA, CGQ-537
GA, DV-3783
PA, JG-264
SC, ZN-177
NY, QSP-9599
MO, ZM-940
MI, PSE-4704
WA, WD-7832
CO, GJ-8914
ID, KQM-094
NY, XKY-737
MS, QK-320
VT, XJ-1342
PA, YYT-623
IN, ATM-872
NY, ZM-450
UT, UNI-868
MD, JCA-5334
FL, FOJ-016
OH, GB-6140
OH, WGU-0982
WI, TC-454
IA, MX-1996
MI, JXS-3366
TX, IK-600
WV, DDD-2727
NJ, DFT-1761
ND, THA-305
MA, YYL-2128
WA, WY-6553
VA, BTB-3537
MI, US-0375
IA, IBI-904
IL, MLG-4523
VA, GR-346
HI, GUJ-106
PR, GZF-287
CA, OYM-9419
DC, RI-154
GA, WQY-7744
MO, AFW-3433
IA, LPV-805
LA, UBS-4401
IL, CZB-7735
TN, TN-2152
AK, BGP-2192
MI, FLV-1947
KS, IW-302
WV, TF-6560
ID, EVL-981
IL, UTC-902
TX, JL-6232
NY, DZ-223
MI, YRG-825
MN, AY-3068
SD, LP-929
MO, SIJ-7528
FL, DL-5645
FL, ZFA-322
CA, QY-6285
KY, VLC-019
OH, PTL-9337
VA, XJL-876
MO, TNU-6982
LA, WS-129
WV, PC-5123
SC, PD-461
NV, AP-3136
KS, NEF-1549
MO, SPQ-644
PA, XJ-396
CA, ZB-7244
MS, ST-497
TX, BL-7708
AK, ROB-9309
WA, FA-2859
NY, YR-2104
CO, KCV-499
NV, WA-733
KY, HO-6773
CA, LUB-081
UT, FND-2331
AZ, UK-5749
TX, DC-2019
CA, LNG-0350
WI, BS-825
SC, DXH-905
MA, PN-856
TX, YXH-275
IA, AXA-441
ID, QGX-5317
IL, UEO-1134
VA, ZI-794
WY, FX-246
WI, TFA-8635
ND, NXS-860
CA, YSZ-8968
CA, ALO-573
LA, EPO-6181
OK, OZ-7826
CA, YVY-513
OH, BE-5893
IA, IY-6101
OH, YRG-2134
IL, KTB-020
PA, LL-937
CA, BLV-999
AR, YOA-8584
OR, DXB-376
DC, HD-877
NY, LP-956
OH, XM-012
MI, HH-5305
NC, ARR-8938
KS, QP-677
VA, YM-7203
TX, JW-4454
PA, AUE-2368
NE, RB-3912
MO, XA-516
IL, ZXA-108
WV, UYE-683
ID, ORT-4461
TX, PBK-407
MD, XD-325
TX, PMD-449
SD, FN-090
FL, IT-5446
WA, XU-7267
MO, OS-533
MA, SL-2467
OR, YKD-3900
WA, AC-6489
TN, AIL-3373
KY, FW-2153
NC, SS-890
MA, QG-8129
VA, VDE-514
IL, OWV-5539
GA, GS-805
VA, NP-4865
KS, WM-4920
TX, EII-401
VT, CN-811
SD, XM-7363
WI, QUN-8604
SD, PGV-292
CT, LOV-377
CA, FI-507
NY, MJM-130
OR, UJ-710
CT, VY-193
NY, HAY-524
CA, QI-020
WA, CN-158
CO, YT-075
NC, PMC-6909
MA, FK-2519
ND, CQ-072
FL, QU-9629
LA, TWX-5778
WV, LKQ-2337
CA, KSN-3883
SC, OTZ-2638
NY, KZ-5443
IN, IE-8235
KS, VI-949
VT, SFV-2518
CO, ZA-8190
WA, BF-721
TX, REE-245
OH, VR-499
TX, ZNJ-4935
WA, SP-0815
OH, DF-2578
TX, TKM-2896
IN, HAD-9215
VT, YBV-241
OK, NXF-163
TN, KS-0473
OH, LE-025
WI, DA-5181
NM, RGQ-585
LA, WD-198
CA, HM-7745
NY, DST-1754
NJ, AUW-8624
IN, MHX-190
PA, WKR-0179
MN, HQS-014
UT, VCN-2749
NM, FQ-111
PA, FRT-6360
LA, PUL-137
CA, OY-2428
FL, FH-6296
TX, VN-2418
TX, BG-0398
UT, PEQ-9718
AR, MY-2574
KY, HK-437
TX, EJF-9210
CO, XL-0874
NY, LHP-0682
WA, SKK-4720
OH, XD-6482
NJ, XF-794
GA, LQ-9089
NY, MG-4668
KY, UYR-0071
PA, RC-9878
PA, VFB-116
CA, CJ-8830
PA, XF-552
MO, QN-604
AR, CP-000
MI, ZHJ-726
MO, QR-741
WI, HM-5768
PA, NND-6757
SC, LW-9246
ME, VFM-138
WI, LWU-4769
CO, OQ-019
IA, DJJ-817
TX, ZRZ-603
SD, QOH-3419
AK, IM-546
CA, LSB-5223
KS, HLW-0521
NJ, LUN-9905
KS, YC-8530
TN, FRG-6041
WI, ORF-3276
VA, JUL-562
MD, KIB-3722
PA, BS-622
OH, WK-089
NJ, FFN-002
MA, MHT-3049
WI, ZVB-785
IN, JVP-642
NV, QE-918
NY, ZE-6627
NE, PS-949
FL, AAF-5780
FL, IBO-9047
OH, PZE-2870
OR, RCD-740
VA, EMT-172
IA, JAO-565
TX, LRD-382
PA, CA-2410
PA, CVD-4793
LA, GX-188
MN, XU-579
OK, JLK-347
VA, NO-2445
OH, NJM-069
CO, CJ-241
VA, ZWS-560
KS, BT-7458
MN, YNR-998
GA, XME-867
TX, WP-2944
IA, NM-4434
MN, ZV-9557
WV, FV-167
NJ, HX-6799
KY, YM-758
TN, XZX-7470
WA, YBK-5681
WA, HA-934
FL, GQX-2217
TX, RRP-7032
IA, DJ-7327
SC, DS-3766
IA, VLF-767
OH, PR-8077
CT, GM-398
DC, NW-197
DC, TCM-865
PA, YY-771
KS, ZP-664
TX, XB-6450
MO, OC-5646
MS, RMN-2755
AL, IX-6660
IL, OH-072
MO, OXF-472
TX, USK-2564
OK, JJ-6467
PA, QGJ-497
VA, WU-9075
CA, JEE-7689
IA, EVM-124
WI, GU-033
OH, RQ-135
IN, DL-0445
IL, CNG-3595
MI, YMG-7512
WI, KVL-325
FL, JX-974
PR, PNG-539
SD, XZ-7570
PA, CHM-596
WV, HZR-2842
NY, TMU-645
DC, XJ-0518
CA, FCB-6173
AL, YOW-1537
CA, UX-4259
PA, TDU-511
AR, LIM-455
TX, LD-797
KY, OJF-564
WY, NWH-893
CO, KTU-114
CA, LR-653
DC, YRV-5686
PA, HAP-985
AL, DYX-8203
MO, XV-624
AL, ZYX-463
MD, PY-087
OH, MDK-0066
MD, CVC-200
GA, LJD-2768
AZ, XNI-0650
WA, UQO-2651
TX, RRS-116
NC, GR-995
IN, CUA-395
IL, MCQ-3622
KY, DE-646
TX, YHT-325
CA, GXV-4498
KS, YUN-9713
UT, XP-4646
ID, EO-287
OH, TKX-3923
IN, PQ-414
IL, ZR-0548
KS, PO-724
AL, RUS-4002
IA, ADL-108
MN, QAJ-0591
TX, GE-9525
VA, SX-7411
MI, IM-5128
AR, VF-6901
FL, UBX-4408
VT, LTJ-729
PR, IGD-5768
VA, IU-0696
CA, ZCF-0789
ME, WG-6032
MA, YJC-4041
GA, LRS-419
VA, ZG-443
WV, DA-464
IL, DV-106
TX, FC-039
WV, EE-2611
MA, ZRR-322
TX, WBZ-7469
NM, LC-221
NJ, XI-0630
CA, PP-161
MD, YH-413
MO, HA-016
HI, HLA-281
OH, DF-3162
AZ, XG-953
ND, YO-487
IL, YVN-243
IL, YQL-7679
NV, MUS-0421
NH, PR-3468
WY, DHG-556
NY, VBG-5258
OH, VAN-2673
TN, FGG-8960
OR, GB-295
AK, CX-0715
WV, OO-2570
CT, UG-1823
NY, NO-117
IL, CEX-868
MO, TA-8412
IA, FH-6556
HI, WYI-891
SC, QYP-292
